x1,x2,y
3.548125051622925,2.685053898402366,1
4.82251842909574,0.5858074868274563,1
-3.214966469122455,0.3692677170646084,0
3.6520142771971966,1.5426232973438845,1
-1.5127014905686067,-2.8445074191953483,0
-3.0303821243971045,2.7337485348890493,0
-0.5130851305592823,3.779757122258091,1
-3.557440497808557,2.992088622978366,0
-0.8928672291010565,0.38817998579661517,0
3.3384578691504068,0.16371182892201208,1
0.48993314221744555,-1.0138863507422595,0
-2.487471285142911,2.2481131396951444,1
2.8964466272271796,2.2869707708434994,1
-0.1073491359394616,4.778233610888135,1
1.6289488296202406,-2.4509331327077426,1
2.5422448567586766,2.790431171900114,1
-1.8464664922218086,-2.7033692112326673,0
0.3366381721027125,-0.5295134613857337,1
1.9815063589771365,6.70336622836079,1
1.2283334000868504,1.5150154200946102,0
2.0750798885157984,-1.020032797709494,0
-1.7512365067695144,-2.765599461928672,0
-1.2931457684850531,-2.16309600722879,0
5.814616426531007,0.2885701539933232,1
1.5977201406514085,1.5811833824077648,1
0.09114367980762757,-1.3032006952116342,0
3.172033632290704,-2.475630997653698,0
4.134230134679731,1.2638629460178425,1
1.3346386283146014,1.256504983233433,1
4.561501664687395,3.9375237033946333,1
0.16456797855084837,2.1309607501307024,0
4.724556515977291,4.129828907168095,1
-0.8800889733939675,0.2614811545721827,0
1.1596307549501432,0.5935439013454497,1
1.6463411679238291,0.14663593437680777,0
1.6536437821205108,-1.0659844483771392,1
-0.9001309429584873,1.2456998646949975,0
-0.7219323316381598,2.318659606728496,0
2.527200213139433,0.4345983206761772,1
-3.4067648787103093,-0.11109539779323756,0
3.942067391050706,2.664195406937232,1
1.1294246822445835,1.2403586005331477,1
4.442340654987217,1.0813526456962679,1
-0.1905910647739042,0.5580430515406785,0
0.9579596514927837,0.6673242105738966,0
-1.9810726502613767,-1.1325954592055438,0
0.1971639927711033,0.5322283318913569,1
1.421919936406983,0.8885266229720795,0
4.134788131268651,1.8951992093847994,1
1.4433441280864703,-2.2581035424344584,0
2.955788089483032,-1.0365404365472948,0
-0.1542034188282084,0.6823039496332878,0
1.1813096613846186,2.2174071611658155,0
-0.17947138857445344,2.8802344308989456,0
1.4945872102465236,1.2207405308669297,0
1.5872048927449074,4.8901020808615066,1
2.307460180673219,1.4516087872181678,1
-0.3737432883227181,-0.8794621165483498,0
0.48760142754239766,-1.1281572614734567,0
0.3329044164261122,0.9849025280162982,0
0.8567298975652348,5.653495967121682,1
0.212963539239714,3.3556802561624743,1
-1.305210543599387,4.999153486373879,1
1.2482396341043103,1.2566910185285598,0
-0.30357019007116665,1.176634412969153,0
0.04902034851788543,0.9959965824908995,0
0.7331964921936965,-1.8797595726547105,0
0.7227912110168279,3.0760731329319384,0
1.9478282681293229,4.228280859947688,1
2.7383085220103958,5.614990939423397,1
-0.3538944549880988,-1.5965944890769075,0
3.49253363889428,0.512486833677375,1
3.4062732678264904,2.0742483304036483,1
2.9164288465131145,1.9664322625270034,1
-0.685429033053539,-1.6045545384432378,0
3.1010009856281537,-1.996708081477582,0
-1.4306074185199364,1.3591954978693517,0
0.5120594686277513,1.9653819678910278,0
1.2853957119915422,2.395433851620555,1
1.7527591590928235,5.3778579981165695,1
3.6932739920953317,-2.140169532652305,0
0.3961695215357099,-0.28872082384788494,0
2.285645629030041,1.5038660653735483,0
1.1998888259349465,1.7511529069430845,1
-0.3342361606337087,0.29342737286664566,0
3.6715726498786942,1.695966306941791,1
-2.8961686829946482,-2.8149275487531105,0
-1.2496371553913577,0.05218210042166757,0
0.7232720500952683,-1.2902395092102485,0
3.6573616668625912,1.4229830609985856,1
-3.3388105622427435,1.08672038475987,0
1.2251029707446164,3.405749094405878,1
-2.1246074274522098,0.9471848612703632,0
-1.613163797319502,0.643769678068175,1
1.4769331599908209,0.342736562379941,0
-2.003240019789831,-0.5622005857719098,0
0.7422917467426177,-1.2079703734316412,0
-3.3849292594296387,3.0591006389212274,0
1.884098232980063,0.8817670715949972,1
2.882546578132231,-2.8717243023588788,0
0.056636752260922345,0.05951227899149038,0
-0.22907969050523577,2.4756326239469235,0
0.8800289001066648,-1.0041084487052223,0
3.6121136181321036,1.9464778282583193,1
4.093989093122218,1.4542638754022357,1
-2.046064936413763,4.023843001427983,1
1.0819534854279493,-0.20104090841860023,1
-0.14033142291729406,-3.321921867031983,0
0.14313247443878493,-0.9553148935302334,0
-1.3994510159851712,0.427959821468444,0
-1.3436213334836875,4.5026673039109735,1
0.19224155388196673,-0.924550577410085,0
3.871408309325994,2.9379066213301335,1
0.8876388562924569,1.5492681068586736,0
6.7886866940340695,-1.5059406567903064,1
1.1797344088667192,2.8426801529009316,1
3.5451408640192805,6.379504812678546,1
-0.8917661240703687,2.3892053364402814,1
-3.6817484626632906,-2.559153933471403,0
0.6769928149888282,-0.8305758278016026,0
-1.1178436945431767,0.7544237501290417,0
2.931297537843108,-0.4515526009730713,0
2.161760464428914,3.1670579232178495,1
3.797531400744207,-1.9794275575561993,1
-1.275479968502632,-1.0619939100036353,0
1.645089824206378,-2.4416872999420445,0
-1.730263631811019,3.8294787089143427,1
3.671791131663156,2.4493964657599054,1
0.25620882982157855,-1.3621033149497617,0
-0.5051363027863206,-2.495566363929699,0
1.0018343752487615,-1.955110489597102,0
3.0567221523332755,0.39762856734293317,1
-0.41624450071455044,-0.9860018693176656,0
3.3991082708826474,-1.469795936899807,1
-1.4542743516497372,-0.4950372711030095,0
-1.1044460885619425,1.2658636355110215,0
-3.837542430598083,-0.053027750898433756,0
1.1678563706519278,-0.7185841815741191,0
1.8791632331974868,3.5020921851342823,1
-0.07165207821990308,3.1292873116280124,0
-0.6247870562937594,2.356614194415297,1
4.556936852825063,2.5156715125792477,1
0.645437120676179,-1.654461887104646,0
1.6812870979774481,-1.3052479586047818,0
1.848054038413802,-0.36980427288597806,0
1.9080035269864046,1.302782502611596,0
2.4199442858782327,0.14456926049578778,1
-0.21406071990911565,-2.070484644838748,0
2.138349020838361,4.180900892046289,1
5.676749409561455,1.2208207436896525,1
-1.323572929536776,1.704866669592448,0
5.648165339499947,-0.33876918317284677,1
2.7643179820750543,1.2974197751792853,0
-1.853860943156166,-0.11905071212360016,0
-1.3600494431569816,0.4645073943220071,0
4.121495849763974,3.510681684886409,0
0.21878958920978578,1.451533247797384,0
-3.188855317588734,-1.1987500459075457,0
2.4880603725654775,2.021347531647814,1
5.269172611869218,4.586487056544378,1
-1.3036722156043183,0.09479734263282803,0
3.2899354270025674,-0.49807207911275664,0
0.9464752491470897,-0.14565782531374555,0
0.5645975973762173,2.1930077634614316,1
4.766863064602192,-0.792690786037376,1
0.8618921286667637,-0.09205171360697806,1
2.918903634278079,0.6290272588603133,1
-4.076249070355708,-2.016172621834808,0
2.76944293712354,3.7193996839124464,1
1.5820638940860938,-1.8187749095894779,0
0.8593053836113597,2.3483318928038326,1
-0.1440202431606677,2.0070657957840483,0
0.5783372878156362,4.9106002798217885,0
0.19184863374515237,-2.161265793712914,1
-0.9707270956582069,0.1637482787726451,0
2.146335428369563,1.2047948274026625,1
-2.7197122819598385,1.4925071320544414,0
0.8592364382651717,0.4153753743262223,0
-2.1621266551997946,1.2318712138885275,0
-0.03284579214550415,2.376786546896168,0
-1.0352225980723428,0.447575903277797,0
3.7521005015443363,1.3972125528230275,1
1.9263932564753783,-0.00393866347763816,1
2.277157209061928,6.485999034865581,1
-3.2550848757663253,0.09616989332276399,0
-1.5850414768654013,-0.22947288293379803,0
-1.0893629514418115,3.821653574757039,1
0.0368367583791034,3.3528746245505654,0
-2.1417849961222246,0.9649448304863706,0
2.694800139699716,2.9023454846217964,1
-0.015945282633234744,2.9598882777800517,0
1.6401043262263628,3.823756605216381,1
-1.1512756524755479,0.24401962929072288,0
2.234574626802681,5.176367353590245,1
0.21703680955409554,2.3638450893478815,1
0.24887459698094117,2.291607066874818,1
-0.49860446458982155,0.49045015754356514,1
-2.688901022068554,-1.8373038929683965,0
-0.48278469891261433,-2.8067802272074296,1
-0.8403736341917145,-0.5635692177210144,0
4.2443123940252665,2.0649305211022937,0
1.300402355917322,-0.19835172755876582,0
-2.012034762999404,-2.4283772255754643,0
1.2429249771221385,-2.263698090995278,1
1.2854455197350878,2.658305060264863,0
4.965029998970184,5.962600292385265,1
2.0975058167313723,-0.0035821001903686422,1
2.390093257849685,-3.0463738095675494,0
0.5619837354700653,-1.2453990396411876,0
-2.771348427957391,7.7754970673199875,1
0.6218151311960092,2.950712433899104,0
-3.7415838420517114,-0.7030269680826173,0
0.3916905101953631,-1.956745555230064,0
1.165756572427177,2.0651599009765995,1
1.141781021386334,2.271131280361198,0
0.19415509869608077,1.9372899810657784,0
-1.1535426611366655,1.510782451651512,0
-4.134884200079753,-0.17824007902557681,0
2.2984462452105587,2.794391879405482,1
1.3407172175085698,2.404743592499468,1
3.8747721031295024,6.679127284037228,1
0.06635535879439014,-2.23307323414612,1
-3.498811429747146,6.0818851451814835,1
-1.9517465059546655,2.107283593215679,0
2.8257625373348256,3.84694771497065,1
1.073114258139584,4.4814522736999045,1
1.0221358016606112,0.7663511763706249,1
-1.1423579795655936,1.1451655627123172,0
2.163960661138029,1.8809993595581327,1
-0.6442780239712138,-4.342700966989215,1
2.573019687140807,-0.2969359635820745,1
2.610957614308658,0.0420076832655181,0
0.17317957494579983,-0.31135447078415895,0
-1.3012851382436539,-0.9742507675293921,0
2.254200787804373,1.4414743726300432,1
1.1738660721124723,0.010194710387101846,1
0.2887689205262718,5.152019427093872,1
-0.4778960937328195,-1.8151273240831958,0
1.1395345604644078,0.8954171200346299,0
1.6257242376779202,1.2592576838472245,0
3.4277582335898193,5.921046003182703,1
-0.8885865201522232,0.7546009860897044,0
-0.48065079631627006,-0.749641615099195,0
1.5760069563364005,1.7400626534365227,1
2.8939557687074657,0.39310955302314926,0
-1.7208267305679048,-0.7691110884596507,0
2.587200309188865,0.7587713358277881,1
3.3309488889251533,2.028740130036261,0
-1.796829342696716,0.9838383430130114,0
1.821147962099729,1.506092040306829,1
2.725547810125139,-0.6068311263473123,1
3.7640489929500673,2.6908400923099554,0
4.955086340201422,2.372647339348064,1
2.6895086833305717,3.2068311175606157,1
-0.04575533564721823,2.31410457424907,1
-1.2539341155755348,3.6248971159938574,0
-2.0082815335041357,-1.5355951302082569,0
1.781772493822408,-2.0368787311257033,1
-3.0682283414712446,2.555353643797018,0
-0.06979662616448001,2.796560867687718,1
1.2775478773025994,-0.3078152829295795,1
-0.6305384892806912,1.5179384409865349,0
-2.8150233894356425,-1.5556333751817506,0
2.263870904463107,2.3600832943821395,1
-2.656372097796861,0.39372247173824704,0
2.8927748949134306,3.4106104171410214,1
1.6588111623669783,-4.42227061801577,0
0.37566394684339577,1.0815562525109446,1
1.4453909209801363,-0.3665359181463921,1
-0.5099544348417105,3.007985977165377,0
1.1390401728187487,7.886215135689722,1
0.12369930964455245,6.0048716106886175,1
-0.06936977477356236,0.4684294650730415,0
-5.301939616786024,2.1830137038449235,0
0.6646280239591833,-1.4969730731131072,0
0.346361851702364,0.7706347594576736,0
0.9819157083585938,1.1073003018300436,1
0.45491986920825883,2.614285508564856,0
4.724441256510849,3.293678631731064,1
2.9776209617750062,2.730734968026107,1
3.2572310911425837,-2.7602029164297828,0
3.4960202197193047,-4.292510756387379,1
1.2436199244343928,-3.140449439780913,0
4.784030320272738,3.5196341786852683,1
-0.9268353856249245,-0.9314595071405137,0
0.015058828603903507,-1.1400450224414116,1
-0.8910050428015436,2.906768954235402,0
4.156388283698115,2.61246001880132,1
2.8055886218721984,-2.8037021255845618,0
0.3715048026852228,1.8691026063940739,1
-3.1132583470478075,1.2120199026912792,0
3.9553379849465844,-0.9192820373824109,1
3.4503952595648597,2.5021883398796905,1
-1.678435046445277,-0.6184247517024292,0
-1.5513126291401895,4.025168206854364,1
0.03686786613078632,0.6951634107233421,0
-0.5397498705867425,-1.9575274315646147,0
0.402550184518077,1.6856898022822295,1
1.1637123628304207,0.5558188446057453,1
-0.5938219653638792,2.5733055050545723,1
1.0470318023003362,-0.4188784734469595,1
0.2955758792764389,2.4375485121500473,1
1.4155038709109509,-1.1249335517885353,0
1.118635198473307,1.9348657463594456,1
4.103482578797596,4.623022393453706,1
-0.9788788850364443,2.088321754138144,0
-2.6404664140412843,3.6629175317087075,0
0.6272282189468628,1.2807803921483383,1
0.7164837019123562,-0.3448203689970051,1
2.146158546232058,0.9952929957474248,1
-1.6417523041369986,-0.7535349378196106,1
3.934317041650993,4.542632103844903,1
0.5523213058581677,1.471095458243442,1
-0.3114646017252378,0.19246732270236033,1
0.12046041988205287,4.926484224970572,0
1.5563623147382566,1.4817620067115929,1
0.4281874882604079,-2.491477557423976,0
0.13960416998003783,-0.7706271937235204,0
1.1862025159367675,-0.6190928786279806,0
1.5415874153508158,0.043994117541731104,1
0.7603957020119264,1.2211714905676463,0
2.2012601985471183,2.478374260295327,1
-0.9438637315788669,2.177901193934732,0
3.9008278158888507,0.18621144205720852,1
3.682620241188538,2.718276241814354,1
-2.896027800832488,-4.397611913240164,0
-0.3708774040891907,3.6719642323500645,1
3.0950104026601233,3.5917553461910434,0
1.6572703806321811,-2.4964013690642153,1
1.4611607882245348,0.8936404343314491,1
0.48392454313206823,-3.826560489315596,0
5.146719606499721,0.11843686802897652,0
5.526774495053246,1.7730706621654748,1
2.592568496007399,1.5128445396218757,1
1.295377076201385,3.0460597128160507,0
-1.6579900218441446,-1.1203620803939391,0
-1.69358743613681,-3.0296944493717293,0
0.7140309719300947,-1.3858191905213084,0
0.02600378375581404,2.9070681543146337,0
3.3366332120046263,-1.641001207246354,1
-2.382606994405297,1.3131072172676594,0
-2.1352408587651888,-0.284758970042587,0
-0.4649747870766192,1.0507337000059507,1
-2.5799217994821078,-2.590157544127232,0
6.157761616910475,2.2391498228691535,0
0.21290033536507602,3.5599216351623224,1
2.492170384995258,-4.146780464816299,0
2.5456709760709995,0.352599992122842,1
0.08318646617907444,-1.5274287852256543,1
1.6357110210548065,3.205547350244439,1
-0.48247211571265974,0.7041107930285936,0
0.3417308762558837,-0.36796667270535827,0
4.108680485756305,-1.8249839760713487,1
1.6132998497942144,2.5593855087134614,1
2.7774604440583692,-0.7860098254609671,1
3.701919269997142,5.416694908441188,1
-1.6647111462084574,0.9428311127728082,0
2.012585618428881,-1.1537837390462975,0
0.47122911621713187,1.5417303877739337,0
1.0078750237401028,-0.18649319063238345,1
0.5861449465973625,-1.4287028360527356,0
-1.6169872057863752,-1.003514087169073,0
2.3738763394927,3.8812925495726827,1
-3.038739931908027,-0.9684681457325027,0
-1.885913628390771,1.3033207464105003,1
1.7084022079037522,1.3748137442009551,1
0.9163774621689118,-1.626381617393314,1
2.8046457568268393,-1.6527843139684988,1
1.002617747632906,4.714691152039985,1
0.030816846403901588,-0.12050487402876198,1
-4.247791448619614,-1.051510043361522,0
-0.6819328604303965,0.6783714240908304,1
1.9675718235814954,-1.6117912924072546,1
4.95392770246681,0.7007276287707953,1
4.867855382915737,0.58223147426212,1
0.5009857006917531,0.6928964189939514,0
-0.3786707876375086,1.211824888556769,1
1.1737141876005406,4.380911251619957,0
1.3902119987674273,2.0711081497153137,1
-2.0424656342614265,1.4167128945987066,0
0.29726471209757266,2.139563868285074,1
4.891503959233653,0.258442363950455,0
1.8713567862949223,2.5431101899883175,0
-1.3252475178916934,1.1411973371863187,0
1.6270344347393395,-2.4617286328679104,0
-0.4792562731406751,3.381542375976432,1
0.5197655884968471,1.5636457435546207,0
-3.9064645859984743,2.8557506390618155,1
1.8523550950632828,3.818833280940261,0
-2.250344939291489,1.7300521582948343,1
0.028940114820466878,3.9721863504208748,1
-2.5217679086700904,1.8357238941095522,0
0.15160911638745267,-1.3543234230242234,0
-0.7833782282670101,1.1126810814405639,1
0.9934283060224653,-0.2765286023423693,0
-1.5094407480620045,3.0201119273792054,1
1.3637829792526228,3.693414651472067,0
0.27646181818942916,1.425926405903176,1
2.727035945460833,-0.5455851303968111,1
1.5640082981315333,-0.006835740692366921,1
0.6835119515543189,3.7523416784317725,0
5.8418854349956275,1.1482283751353268,1
2.2985466525713516,-1.4063528502517748,0
-1.9493633404546429,1.574169207484904,0
1.2655637322125697,4.541385715608792,0
-2.8307414841008285,-0.8412906455307181,0
-0.5388136688891155,1.4350845115919246,0
-1.6794436843615521,-1.1987852908880443,0
2.6218388958824774,0.9090393639416793,1
-0.49435476504119386,-1.363968495995597,0
1.3590024438818176,2.473003287652404,1
0.42934362809215454,1.3189334353916784,1
1.1342071177903197,4.24975283829637,1
1.110183439294638,3.767540193734129,1
-0.041803187928296265,0.234654766617564,0
0.5223011564274518,-0.7392348665780224,1
-0.7842163062643153,-2.927029896264237,0
3.3326553494049627,2.1929769517959854,1
4.079505508165491,2.846362702539917,1
0.7700945409142294,-0.17841933467801274,1
1.0470422161969464,2.234731013632356,1
0.8546403223157285,0.9983339670899053,1
-2.0256622406688476,0.6284946651905478,0
-0.5316436379567939,1.6233596996959434,1
4.689010126449944,-0.19392269663665562,1
0.2080716417509294,-0.09838401330050717,1
-2.2126699480120564,-2.3924132481613416,0
0.010487399436366332,0.09396118752948411,0
-1.2462810528495287,-1.1109542383205093,0
0.6538547475283253,-0.4382010576177285,0
2.576592158099266,3.6450146746196044,1
1.3234359032974903,6.659418675308637,1
1.6648795058690067,-1.4151029989298611,1
1.8528831105544503,0.7659443218333554,1
0.9620184634734265,0.44776804855826274,0
1.290751899170295,2.7372631150646973,0
1.3028237354314764,1.5376992458896954,1
-1.2034132244587938,3.7045563690178756,0
3.0321605567693806,3.953866447768615,1
1.862043117407414,-1.093663895911693,1
0.37353352895415665,-1.510765864706645,0
-1.4041061877547047,-0.6553242931955364,0
0.9866358017617785,0.3696722473897478,0
5.120169076537589,-0.19211979944929974,0
0.19535219709766344,-1.546019567710933,0
1.4232297561777796,-2.2492841836757385,0
1.3170885453456609,4.020409077532699,0
-1.0345769002007443,2.81869488037116,0
1.2230880320324524,-0.9485964725787315,1
-0.840226052118719,-2.1039608751600394,1
0.6854506927554083,0.9135064383075678,0
4.3796058664353446,-1.616596570710303,0
-0.6807981548856921,4.32186475949254,1
1.3087313127081155,-0.11116934182091014,0
-1.9792096405171618,-0.2515738401992963,0
1.7464096135689713,2.6029707520809353,1
0.6053562086824976,4.062032723470226,1
2.916217353377181,3.413404633589168,1
-0.08031590128868682,-2.8615502042360963,0
1.1531139261115328,0.6225003090870722,0
1.9686447969531675,-0.4279776884510179,0
-5.239490208179489,1.6438050087504477,0
-0.8751968380590256,2.1196414204540552,1
3.496621796295921,0.6367593745639032,1
3.0433974212966897,-4.197085241260151,1
-1.0490405325595473,0.9787491224558361,0
-0.03702627198477986,-0.5773172778402766,0
-0.0699769809939234,3.54160127127102,0
1.0530680352562958,0.801366407763605,1
-0.497928296958147,1.9431419019087108,0
-0.31601579715797884,-0.8537621398948401,0
-0.490776232005741,-1.5074723287149792,0
1.66365871709513,1.3022206936177148,1
-2.755338735914182,-1.8756500798302456,0
1.2319656666541645,1.5293763894583943,1
1.9502394668355023,-0.2941147630042773,0
1.548438913345516,4.3244411108308585,1
0.4427666365004863,2.6727280375101863,1
0.15301875151226296,2.057988324447604,1
-0.15518044129743935,1.6722877660927495,1
4.485377137919043,0.9577527979148625,1
1.6768137725836947,4.455060162110524,1
-2.074492308652913,-0.3806773561672164,0
2.9736877941848667,0.9373448857635732,1
-1.650994393585023,-0.6427716833059869,0
-2.024208750520335,-3.3097133437315387,0
-0.007929177733352555,0.9386498462664519,1
-1.1847878484777383,-1.727981539359632,0
-1.045446041038079,2.0980184516737785,0
-1.5665065846724742,-0.6441230324113512,0
-1.079519360618723,-1.5566094508046253,0
-0.9752124481449871,-0.8651163756392418,0
2.6592663464271515,2.151592633164333,1
3.327169252466499,-0.10635790136068968,1
1.0386930284823446,3.0654778260051554,0
1.9493694515037718,3.3651816637461796,1
-1.2255773809687724,-0.7754031198719683,0
0.3469791985465611,-3.6820845842898198,1
-2.4585996207515755,2.995820512235068,1
-0.49148612817188864,-0.545447139495341,0
3.158425631014783,1.5348694583058176,0
-3.1678056469714466,1.5208293122885947,0
1.057492752828456,0.9463734002221587,1
-0.921277541919575,2.1142444524378314,0
-2.503078848380888,2.887529208146519,0
0.39304233940294026,1.4180075151770246,0
2.3162217470001356,1.5833253879258717,0
1.7446412734413563,0.3666840114767035,0
2.133349379178308,2.3385911808913455,0
0.1835215530710046,-3.9751378292017856,0
2.4024278443278897,-0.8161507460431028,0
0.7889042847565937,-0.8419689616405259,0
0.8165055114289437,-3.4051672084756808,0
1.614026249794169,2.0371845577265137,1
1.6713842241302836,-2.259413709315236,0
-0.09117203271099561,0.48667889864538366,0
3.5991054306386703,0.42952957687886406,1
3.0067966035343012,1.7547245811513428,0
1.372520380749027,-3.2254317423793033,0
-1.178729513888423,1.6992041940420493,0
2.0583112746512873,0.945194964826086,0
0.7681308978786145,-0.06538949618818622,0
2.4328599648670526,1.428717035405033,1
-0.07911030771331008,1.3630013947452488,0
1.64412031998898,3.7935859653078947,0
-6.482534680138145,-2.0487752826685797,0
0.265939348293752,-1.4002416298783464,0
2.5115122511470416,-1.7892146044390078,0
2.9552590872739595,1.6038917716145988,1
-0.07197892101589898,-1.162465907115556,1
1.1257114699909025,3.471459991359726,1
-1.4578231375482575,1.8667198395583113,1
-1.5456504290751436,-0.47363721348001775,0
1.447188486082146,2.060322317639214,1
1.7422494068633847,-0.6520470643356823,0
-1.767714872402266,0.3074502118910558,0
0.5409136515596776,-0.1004762188982739,0
1.4607244021466377,2.6049799088342955,1
1.1541078801531541,4.923416960284687,1
3.7141613385739456,1.2592376720928036,1
-1.518265323107396,0.30078757295241526,0
1.0300953726120958,7.705462981309442,0
-0.43934377567502386,0.7142251430234928,0
0.11144982457738921,2.188383036941897,0
1.2771849175547478,-3.3230401245379197,0
3.240135461377508,2.491363775945209,1
4.584219905135751,5.512185776318246,1
-0.38472192956224505,0.6030946846672249,0
0.12856003819092554,-2.1554895558586122,0
-5.393773285883143,-0.10858973303562441,0
2.317191158014808,-1.641364636703421,0
1.2513346955300124,-1.714315112832565,0
-1.4607332634342733,0.43291717916394973,0
0.06318546886160514,3.2898487538888825,1
0.755586447857894,3.677497239408372,1
0.2284552973240793,0.3006035229237552,0
0.4442675432674257,-0.9574972433269546,0
-0.5377773811096611,-2.2130518174833407,0
2.5338222983732455,-1.4153389312375615,0
3.595373053699045,1.2816857225340197,0
1.3567974811718722,1.4255555269803168,1
2.6001041980491038,-0.4366889097272706,1
3.4389144010534736,2.35438872374337,1
0.5194450034429637,-1.8086332502088172,0
2.077387258559714,2.0206436775424415,1
1.745340631989591,4.749356916939121,1
-0.645486051479613,1.9784937282222992,1
0.652266044484236,-2.502227152770606,0
1.0941947623400758,-0.4043853048677881,0
0.2731946729181205,0.8950606270237433,1
2.776102202881514,2.501688949888914,1
2.0382538824902148,0.813615449005179,1
0.8258629085512487,-1.1274491056079494,0
4.526899486484262,2.761623369109555,1
0.09704325588965398,-1.6619002328220756,0
-0.13639776684461435,1.4932510851780958,1
1.4512908154780344,5.784540717223727,1
2.9652801544311584,1.3385668397828354,1
1.2313825170589043,3.121616546319564,1
1.2581037027844368,2.3390648878140556,1
1.291101562925057,1.1623565536199787,1
-0.2559651735131221,-0.1537607080797201,1
-1.7790288592510466,-1.6316205699308766,0
-0.8878500127981108,1.7858861895274134,1
2.9022872155900834,1.9185416521704137,0
0.17409413647634245,-0.5980147009317349,0
-1.2747742546130354,2.3780330622151036,0
-0.44192834765932787,0.05377167798906156,0
-1.4086873810855185,-2.8169225927271193,0
-0.1643023567851376,2.2345916631762552,0
-3.4498356650260655,-1.1245750584819454,0
0.4075111034950345,2.283608010805093,1
0.42807310977190394,3.11611559656229,1
4.845144773675407,2.3380380187320906,1
0.1547366152952366,-1.7225684026565273,0
2.116101079008205,0.7167028651564178,1
3.3742832701451295,1.763279513898901,0
-4.943289000254579,-1.5937905109409536,0
5.302381371506015,1.3786783723707585,1
3.5309084805621938,0.8099634219219111,0
3.8931430033289827,1.18294085394606,1
1.050288036383843,0.19999483835308052,1
1.7670818095645646,1.1950603272389122,1
-1.3126349273436677,1.3337888547426104,1
-1.5809489108906238,0.9429367142719914,0
0.4177271900095108,-3.919340247759551,0
-3.225864871083677,-0.5194614094198751,1
1.7504490052958146,0.641188917749494,1
-1.0898381736178995,0.7982722287041417,0
0.39811939114694006,-1.2004337543175894,0
-0.06550654043199677,-1.08684954226753,0
-0.684625529345158,0.8671831006103962,1
-1.3367314658660634,-2.0216176239615518,1
1.902198093429935,3.601308792015224,1
3.429703266194915,4.731165647096463,1
3.4635309739831888,0.8503372329827551,1
1.0596083558305656,2.8831372413158007,0
-1.279144933527192,-1.7907974939137836,1
1.4693803016540088,2.658582999202177,1
-0.3074037214602563,2.148718563443206,1
0.01022691328492178,-0.46917426675029383,0
-1.4256915653543287,0.21286045538379367,0
0.16185452268016687,3.579809374792153,1
0.19399192998543638,1.1903140508738272,0
2.637966158370551,4.756793246257076,1
0.6413955509654801,0.11515804025228804,1
-0.007205078181136809,-2.3167293783850855,0
-0.6073648382927082,-0.6356058431583862,1
1.948903637119944,3.594196605224309,1
-0.4469255706517018,1.428000988184184,0
0.533627075401252,4.647973526580065,1
2.373119608315336,3.3078696821723907,1
-2.6089390010097064,1.339345097660077,0
1.7392118402113204,2.711275717609902,0
-0.47718221430183494,-0.7071786344315418,1
2.4694656345889494,-0.19271330998174707,1
3.086977441104426,-1.9970639464763615,1
-1.6859874670633386,2.380949475920798,1
-0.6925501737904036,-1.3801017651885887,1
0.2547012765310961,1.8892149104744855,1
4.779929058742786,2.9842549821437845,1
0.3821981360398067,0.09287309631229762,0
-0.49677087837658296,2.103583799638932,1
2.3355641233196147,0.5088416866024262,0
1.0099745579609143,1.731510388340243,0
2.8118015530595217,1.8894723894375498,1
-1.20127737983761,-0.5833874995865536,0
-2.2454440431245972,0.7648194923681012,0
-0.9590991889048337,2.4933984464730434,1
3.0462481545393145,1.0778200873693173,0
2.8939088090214713,0.8323610204879801,1
0.6156035377841184,-3.420336785313251,0
1.7107510122919198,-1.1680509898364089,1
-0.9389487718699042,1.0851200871719293,0
-3.212892640515145,0.4069272717344462,0
2.4117755441632154,5.830004689802168,1
1.3639059425899278,-0.6205335131869121,0
6.30683117047655,1.3847624059328292,1
3.878940977849281,-0.9552156302739849,1
1.9011383944618858,3.7972746988574304,1
-2.36651702533155,-4.078464355520201,0
2.950191573695994,2.532356574229917,1
0.2075453803123939,5.050621785219024,1
-3.348480520545883,3.2680907927220995,1
1.5716003173016644,0.8509151235699295,0
0.9824078746657953,4.697294341009433,1
-1.8388484684676063,3.099868810035079,0
-0.7272244244277117,-0.11389124744213491,0
5.612414259880644,-0.7064167314433663,1
2.147263499719544,-2.0530305988221205,0
-0.13215959729463314,-2.4220323995249133,0
-2.2211516909316575,3.5045408868472454,0
1.5139772332907038,-1.8443306483552508,0
5.650521745250531,0.12162436382086428,1
1.6678443090978081,0.9183601584568734,0
0.6872365791369228,-3.526080310725468,0
0.64816793878959,-0.7701645608326331,0
-2.102115468305478,0.4146524005319565,1
-2.696370844211426,1.48652818804543,0
-3.426269058181755,2.7077447483308257,0
-1.933952286258426,-0.09542271228395971,0
-0.5293136664759122,5.440338333179238,0
0.9048729932800161,4.251413626623239,1
1.4488918580171095,3.8454580385187294,1
1.3232740815893294,0.7599779402357446,1
0.6752053241504044,-0.8237539322449348,0
4.7307513789388835,0.8553590615773202,1
4.266066749312533,-3.9041755990450038,0
3.2209469767194907,0.3338451228621231,1
0.5717307814498099,0.66891357997405,0
0.9101006434159444,3.9954841453474677,1
-0.7067332123477472,-2.8057811859049657,1
-1.6623814040642668,3.2900766281522307,1
1.1195808958620797,2.1615614511092436,0
0.5345129556359351,-0.4066572165174247,1
1.7445950060645676,2.586596058072776,1
0.9852469251533098,-1.837168147755179,1
2.319637313857025,1.0174846907629151,1
2.8451474024054626,5.299763869790431,1
-0.9498906223219123,-1.3066584651474238,0
3.731549022289513,0.947665841823575,0
1.2374860658153906,1.6537037659175364,1
1.4335400187110785,1.0837662854549206,1
-0.12535819454634375,1.9102846410024765,0
-0.17069410651951467,5.790298255546777,1
-0.7874524146413235,1.7171194115530464,1
-0.9046126384981534,-4.847758653257913,0
1.9008476763721005,-1.1538073113248062,0
0.38501642998433283,-1.2396059591581556,1
-2.172410746206593,2.5159826538250876,1
3.4062500907521733,2.526170840194586,1
-1.929846921160209,1.3721029199968786,0
1.4625824871082052,0.7229630938222283,1
3.5011646360859565,0.15875958184671024,1
3.2903864400554648,2.770343603363939,1
-1.027733834673387,-2.118427043777903,0
-1.1473240137604725,-1.0937178824807843,0
4.031415681729401,-0.23234969642900172,1
0.4987673674215105,3.1549065595269488,0
0.5599372526396406,-2.250978094596753,0
0.2014449098679858,-0.9478805335245131,1
-1.0605152367448816,-1.5857456645246883,0
1.4878581769202133,3.1769815489032838,1
4.284930600128657,0.9999069708020945,1
1.035318040938246,-1.4514876263069312,0
0.25246207860838976,5.328062707733572,1
2.4819499032765027,2.969755572099635,1
1.7265408210755289,-1.3765559566347334,1
0.533877896633121,1.7935860239710988,1
3.9261953999583667,1.7834338272798096,1
-0.9515313260046825,-1.4287497604196404,1
0.5151007814455287,-0.14889183153233443,0
1.625051644788396,2.712480057141646,0
-0.9193894856822151,2.6998574599924092,1
4.298710873172004,3.3492673658255376,1
3.893262973291302,0.2804341913612356,1
0.35540200186650767,-2.6706887174202025,0
3.2648226078632705,-2.8602827559212654,0
-2.8453390920280723,3.1948433543008434,1
3.4006151839471515,4.9212267451638505,1
4.8398090087028125,2.289343059645962,1
-0.5006626492111494,0.144510058950297,1
-1.194252579059393,-0.44322807702130307,1
1.7391607368283064,-0.446137881763111,1
2.9841907440186137,2.0985851608129837,1
1.8369219525392286,4.13519507121592,1
1.234732507234853,-0.44905860934128294,1
0.09601662438648928,0.1741981648981037,1
1.0300705344173195,1.0275719018244176,0
3.131048058468681,-0.1315005221459756,0
-1.2438022858627127,-1.7271227957534823,1
-0.4353624064544406,2.19755370397438,0
-4.050285173315214,0.3729086295388553,0
-1.107298610694364,-2.395755785177697,0
1.44695748150188,-0.2637493024554356,1
-1.898797777663886,5.264764129674782,0
-0.2749843556042002,0.6250833993531791,1
0.5341005317385177,1.779261591246874,0
-1.644440791132863,0.4873744229838246,0
0.8026957311842816,0.8014845913631424,1
-0.858079582319605,3.8753587769231275,1
-0.2175202969137152,0.8034234441978829,0
-0.026994449475867842,-2.1154218579118007,0
1.5876229439582192,1.2059959967430227,1
0.5693790864398933,1.2881032913917287,1
1.264815478111042,1.9451088992534598,0
-1.2337573968308422,1.0504691962146329,1
-1.9630173020959019,0.9242069485265415,0
-2.1621130808165248,2.106305706665807,0
-0.8398336714205761,-4.244524426563299,1
2.166102486350554,2.107604104069806,0
2.5829254564095763,3.018310320605294,1
1.6339814344497439,2.531878435408199,1
1.800837810287153,2.229922004932451,1
3.0178571795735305,2.0623828479387516,1
0.2751252507191242,2.2230070504122033,1
1.8308042354041483,0.6575022193193689,0
3.8462492751732826,2.239284384396188,1
2.034784628143806,2.1433956123920272,1
3.7723718024210604,0.3491556256636779,0
4.287888178650651,1.2678380446360225,0
0.5922405541291521,0.5221105443597787,0
-1.8668763844419005,-0.1117401329923775,1
4.4530806994517915,4.260182708294903,1
5.62504983848629,-0.6350658285085458,1
2.6733876029505494,0.5501926867549511,1
-2.7971351476382824,1.1259384733811417,0
3.1812400530091063,2.593467136402759,1
0.4220349344052368,-0.19342622374078478,0
0.19930273017528244,-1.0069513082323984,0
-0.06625394574759419,3.5891157270355754,0
-0.8923668664295594,-3.779081461891062,0
1.888768603154672,0.7936674143786233,1
1.7991997508665014,0.6145990417532187,0
3.6979121898906904,2.253130059095515,0
2.061999044991902,1.8625602382323971,0
-0.46830674944667194,-0.4682739138983611,0
1.15414425436108,-0.4060907720859854,0
-1.5265183130850337,-3.609764201329038,0
1.8197127839948006,-0.5553502818519163,1
2.6310192912630885,-2.0215255183116354,1
0.3086774119130158,4.248876186341635,1
5.623007153272796,3.916732461186285,1
-0.9420766112366455,0.4640998747152726,0
0.7417445180250258,1.0928392797952764,1
5.246595552435091,3.660096131429297,1
1.2157930194330784,0.3732182463127162,0
-0.024493545693829246,-1.794508742971663,0
0.027858583825892406,-0.048250174220006554,0
3.338152965975537,0.9194509116226973,1
2.611208932006897,1.6791613625104977,1
0.8839314316285175,3.05932106453868,1
0.11641743689199979,-2.285940595661246,0
0.5431576743907469,-2.553497151640619,0
2.9447627156555427,0.754333695816466,1
2.358594368127653,0.1350369628202179,0
2.0665757430922844,0.9821900525918453,1
1.2909683622821508,4.32650944661092,0
-0.550103394303288,-4.60384232947117,0
-1.9714520926710875,1.0080930310356888,0
0.5679269962635155,-1.689406134533591,1
1.5207052396867613,-1.1236724647003191,1
0.41676561589510497,-4.083469736848581,0
0.8268698064474017,3.753591625116132,0
3.1008190504553648,3.0085826596271485,1
3.716365633475033,-0.5798118542510617,1
4.501519581268622,3.2004434842269855,1
-1.547578398207146,-2.489309406622834,0
1.6192607398403482,0.2061264445888522,1
0.5707654054032139,1.9023193117456785,1
0.6472848075889134,3.7968914183935096,1
0.3637325101169903,0.49644117260067216,0
1.1500804866091827,-0.011490318985689418,1
2.2993759035052834,0.19728621241634192,1
-0.11920703984329228,2.3481220889281795,1
-0.5896183880420671,-2.4327131787520035,1
-0.9877264707825701,0.11418960440818537,1
2.3576330006611457,2.886211214526288,1
0.4058460417025994,-3.031488229994464,0
3.0998838038841,-1.7326212168731758,1
-1.6250917137730854,0.4418946453074104,1
1.1547454001183608,3.267319874973345,1
1.4061588422416318,2.454081654446243,1
0.7155747206965666,1.1215690527364688,0
2.007479322989147,2.4353863435308662,1
-1.061002295221055,-1.15163648128936,0
3.9765661428672714,1.5425431534721232,1
3.5650924086833147,3.7534102736551667,1
-1.436888442504872,-0.4268943034236945,0
-0.07556750381647781,0.25830480349776797,1
3.006683242209065,2.2623167697655555,1
2.1769676869233825,0.9091971797219411,1
3.004714104192056,0.14818956083955037,0
-2.80363080265861,0.061693361515159806,1
0.7693568973757826,1.869360611729817,1
1.8765676119519954,-1.0320894564347478,0
-0.0989274193048659,1.3496389843332075,0
2.855851742678538,0.5241771837085947,1
1.0116867294187026,3.4281743365767143,1
1.568166936518452,-0.03994646211728359,1
2.358880241442574,-0.9383513042094096,0
1.7153192464040388,-0.3198770599268542,0
2.6871134445617235,-4.3807772693285605,1
0.22703469050249608,1.3242613490420934,0
-0.4102451586987059,2.3471981311869223,1
-2.10627935251189,-1.6682718860109795,1
2.767553761864197,2.3275981949029965,1
0.057489645869634974,2.5569037252145974,0
2.8410084959797097,-1.1414925874989525,0
-3.6078422698039097,3.3686398224785474,1
2.326327504309919,0.020466122039174098,0
-0.6302273261507452,0.8895505912906647,1
4.855401628152881,0.3928235165840108,1
0.2220765046209956,-1.1461795868149967,1
1.838721648072156,-1.3274289938099604,1
0.1638190927139025,3.484084699073046,1
1.7973349144042232,0.8258280577639213,1
1.6508326979760597,1.627019272001277,0
-2.743709798017189,0.28435602581113506,1
-0.4618690604173559,1.3924127296268367,0
-0.14886685820009257,1.241344195101356,0
0.9629387041883354,-0.28238445083057484,1
0.8304493357869183,0.6927030735160066,1
0.5533815986600381,1.6543664980720476,0
-2.4442556177838908,1.4259968603447761,0
3.102303951045046,0.23134926858571733,0
-0.9187217990804882,-1.6996887389295836,0
4.120617492239217,4.291367621579912,1
-0.8930299041340422,1.7127975886469446,0
3.0885293592436542,-1.0085788463384988,1
2.55532979157685,-1.1831427776716599,0
2.5262115963521654,0.9809066448321656,1
-0.25583518296153307,-1.9110808812008515,0
5.053864851747243,-1.0617375458406413,0
1.8597883023069568,4.284004572689199,1
3.7110518659159677,3.8740606111207603,1
2.1148133956182016,3.1314744250785935,1
-0.35470626838114816,1.9767379654695703,1
3.877826742949286,2.9166076944021277,1
6.138659079963388,2.286635678788744,1
-2.560858704992566,3.5095883639687293,0
-0.5483736486584099,5.208185132668376,1
2.52781569931783,1.859163563879196,1
-3.5605750454926595,0.9279915562397784,1
2.6166538250434446,1.652010782824823,1
0.13505640937584767,-2.8494963724269136,0
-1.1103990533863968,3.7623141388811803,0
1.2996918470400944,1.0926524996460683,1
-2.560608797341789,1.7449146565602893,0
-0.06942353941048662,-2.337356075239064,0
0.24059126342379772,1.028877668117498,0
0.19866461085845175,1.502774246743578,0
3.492095371611633,-0.013590177138921522,1
0.6625268628071279,1.9510902542447184,0
-0.23129656477648106,-0.6022073911785776,0
3.2425945949144883,-1.191959360493497,1
2.0636890789372697,-2.971120746073944,0
-0.9686977437598441,0.3150714816942115,1
2.5224051990499614,4.247317090325915,1
4.5977962472385006,-0.7256771208793181,0
-0.03803241580537766,-2.0050587292756177,0
-2.3019871548446056,0.7513960366913439,0
1.6508672778031857,-1.703931623794337,1
0.6483327049768842,-0.26028610873536917,0
0.2809755956814337,1.1260573940291079,1
2.1052709304780666,-0.00855170003871586,1
2.142714430900546,2.3438415084705695,1
-0.6155564699060017,0.43830065532787793,0
-1.3527846041185394,3.6018808658216313,0
-1.8160481510424218,-2.824607402670583,0
-2.473901421756164,-2.6409132261685526,0
1.640964362394728,1.0145480622145955,0
3.5605669080636844,1.977578318053027,1
-2.9570439807348547,-1.4396884167894173,0
1.380287983422225,-0.8024409437716725,0
-0.6853751881606975,-0.7428817319915829,0
-0.9583484756905799,-0.37131795332763423,0
2.1176660251979276,4.904429889270476,1
0.5795497137928258,4.150801597290878,0
3.186373253278794,-1.0224313528623703,0
2.0871158643332586,-1.21316360924681,1
-0.32257142333201827,0.8081017136290768,0
-0.8689924548646312,-0.6183442469372787,0
0.7751181171937357,-0.7393397892522877,1
1.4572654113031276,0.005576641704353236,1
-2.7586384560290544,-1.4618600798838381,0
0.7236463629175425,1.8408324447509754,1
-0.22465609938165965,-0.44193919906644596,0
1.8373093439334554,2.3838812991388183,1
-0.6715693985802564,3.338043050578786,0
3.266219554294318,1.344325605974396,1
1.3717233068140149,2.1575248206069606,1
3.9294502658327786,0.07052710394345722,0
0.3389531003905546,2.677156808841219,1
0.08997628848318229,1.388461844684588,1
-1.3538440006119175,1.2233525776817358,0
4.727422538117294,2.4070686030279598,1
0.8815818459002731,-0.004312811181166332,1
2.5775119848927384,-0.3413471861587325,1
2.1168489736991756,-3.5174789728462286,0
2.0342533020229667,2.5174500464598677,1
0.7373466177458023,-0.7866776246547214,0
1.6606716330884912,-1.7121676518177344,0
3.748225439972027,3.3950529242457157,1
4.971927606330499,1.8958215669252956,1
-0.8872736635129601,3.338308347220003,1
4.629317133347017,-3.734530385183496,0
0.44818496362083354,0.02518480156358972,0
-1.0887654490503653,0.22184517941973217,0
-3.0510503418494777,-1.3838161397624889,0
2.4130179330167136,-1.6338713419744721,0
-0.5191827027272096,-3.0062859062362124,0
0.2465655508200697,3.2247869447655173,1
1.1053231593853479,1.1974534326929767,1
1.4499460825097121,3.135532598400574,1
-1.7167155603624271,1.4006197588179827,0
0.3962837082151065,6.6163985713365046,1
-1.636441366466945,4.1847745513709205,0
-1.2230356059838965,-2.8133221936964445,0
4.280415098034627,2.6156206127037245,1
-0.7114093369718715,1.0701579394225293,1
-3.1013268621322654,0.13712594961205465,0
0.39938969230915977,0.1567532641238969,1
2.202896415083166,3.640300476632855,1
-2.4005928141115525,-0.6690024716818967,0
1.9267522584886436,0.8255618538729966,0
1.1538563514322608,1.531158095162935,1
-1.0595204075340776,1.0265348662267122,0
-2.957172491559683,2.287508086413858,0
0.6134354976169794,-0.26960542805380183,1
2.743143779712102,0.7607793279127321,1
4.306364915023113,-1.534695125776099,0
1.0777395223446111,-0.4743590543023679,1
1.4449701898987275,5.044503193339488,1
4.268545637021036,2.627818240104719,1
-4.163858815767444,3.3929127365800764,0
1.0438831312337953,0.5939693464663721,0
-0.07526940484969673,2.206603764033043,0
-0.44331346908257196,-1.259236329577861,1
3.1591442914614247,-1.0457200543065366,0
